month,negative,neutral,positive
2025-10-01,29.1044776119403,24.253731343283583,46.64179104477612
2025-11-01,36.09958506224066,21.16182572614108,42.738589211618255
2025-12-01,29.6875,20.833333333333336,49.47916666666667
2026-01-01,33.60655737704918,23.770491803278688,42.62295081967213
2026-02-01,36.84210526315789,16.95906432748538,46.198830409356724
2026-03-01,27.710843373493976,28.313253012048197,43.97590361445783
2026-04-01,37.142857142857146,19.28571428571429,43.57142857142857
2026-05-01,22.55639097744361,30.075187969924812,47.368421052631575
2026-06-01,25.563909774436087,25.563909774436087,48.87218045112782
2026-07-01,30.718954248366014,23.52941176470588,45.751633986928105
2026-08-01,24.475524475524477,23.776223776223777,51.74825174825175
2026-09-01,23.18840579710145,29.71014492753623,47.10144927536232
