product,net_sentiment,n_reviews
ErgoMax Office Chair,-5.813953488372093,172
BlendPro Blender,-1.604278074866311,187
PulseFit Smartwatch 2,0.5291005291005291,189
Lumi LED Desk Lamp,12.587412587412583,143
ProGlide Gaming Mouse,16.393442622950822,183
Nova 5G Smartphone,16.463414634146346,164
PowerCore Power Bank,16.766467065868262,167
StrideRun Running Shoes,20.0,150
UrbanPack Laptop Backpack,23.80952380952381,168
AirBeat Earbuds,25.0,164
BoomBox Speaker,25.850340136054424,147
CrispAir Air Fryer,50.0,166
