review_text,sentiment
"Honestly the phone exceeded my expectations, the screen is gorgeous and it never lags.",positive
"My daughter wears these shoes every single day for netball and they still look new.",positive
"Took a chance on this fryer and wow, crispy chips with barely any oil. Dinner sorted.",positive
"Seller packed it like a fortress and it arrived before the weekend. Couldn't ask for more.",positive
"These earbuds have replaced my old Sony pair, and I don't miss them one bit.",positive
"Chair has saved my back during long Zoom days. Should have bought it years ago.",positive
"Quietest blender I've owned, smoothies in thirty seconds flat.",positive
"the lamp makes my desk look so much better, and the warm light is easy on the eyes 😊",positive
"Bag survived a monsoon commute and my laptop stayed bone dry. Impressive.",positive
"Refund hit my account within 24 hours, really smooth experience.",positive
"Mouse glides beautifully and the side buttons are a lifesaver in games.",positive
"I was sceptical but the power bank charged my phone four times on one fill.",positive
"Screen cracked from a tiny drop onto carpet. Pathetic.",negative
"The watch keeps losing my sleep data and the strap gave me a rash.",negative
"Chat agent told me to 'wait patiently' for the fourth time. I've waited 18 days.",negative
"Smells like burning plastic the moment you switch it on. Back in the box it goes.",negative
"Earbuds keep dropping one side mid-call, which makes them unusable for work.",negative
"Paid for next-day shipping and it showed up a week later, no explanation.",negative
"The zip tore off after a fortnight, cheap rubbish dressed up as premium.",negative
"Sure, it looks pretty. Shame it can't hold a charge longer than a film.",negative
"Lamp flickers constantly, gave me a headache within an hour.",negative
"Oh lovely, a 'brand new' speaker with someone else's fingerprints and scratches all over it.",negative
"Shoes squeak on every step, embarrassing in the office.",negative
"Three replacement units, three faulty units. I give up.",negative
"It arrived on Tuesday. Haven't really used it much yet.",neutral
"Is the blender jar dishwasher safe? Can't find it in the manual.",neutral
"Comparable to my previous mouse, nothing new really.",neutral
"Bought it as a backup charger, it sits in my drawer for emergencies.",neutral
"Screen is bright, battery is so-so. Middle of the road.",neutral
"Ordered size 9, will see if it fits when it comes.",neutral
"The chair is a chair. It holds me up.",neutral
"Waiting for the firmware update before I decide whether to keep it.",neutral
"Looks the same as the picture on the website.",neutral
"Got it in grey instead of black but I'm not that bothered.",neutral
"Average speaker for a small room, wouldn't use it outdoors.",neutral
"Delivery came on the date shown at checkout.",neutral
